"Longitude","Latitude","Grid","anomaly_temp","anomaly_prec"
-123.2,45.2,2543,-123.113406181335,-229
-123.2,43.2,2544,-132.752625465393,4
-123.2,41.2,2545,-118.572145462036,61
-123.2,39.2,2546,-141.457812309265,-16
-121.2,47.2,2632,-80.3451147079468,-306
-121.2,45.2,2633,-114.412843704224,-68
-121.2,43.2,2634,-82.9624271392822,-52
-121.2,41.2,2635,-109.684635162354,-5
-121.2,39.2,2636,-169.318958282471,35
-121.2,37.2,2637,-166.175437927246,96
-119.2,49.2,2721,-55.8910624980927,231
-119.2,47.2,2722,-127.824051856995,-22
-119.2,45.2,2723,-84.711416721344,-73
-119.2,43.2,2724,-106.888947486877,-28
-119.2,41.2,2725,-112.910354614258,-13
-119.2,39.2,2726,-132.53591632843,-2
-119.2,37.2,2727,-108.686135292053,126
-119.2,35.2,2728,-197.020864486694,27
-117.2,43.2,2814,-101.412572860718,-36
-117.2,41.2,2815,-113.067135810852,-12
-117.2,39.2,2816,-106.391156196594,31
-117.2,37.2,2817,-141.734292030335,20
-117.2,35.2,2818,-186.364093780518,37
-117.2,33.2,2819,-183.731155395508,100
-115.2,43.2,2904,-90.4495310783386,-50
-115.2,41.2,2905,-103.158197879791,-7
-115.2,39.2,2906,-107.076177120209,9
-115.2,37.2,2907,-151.430218696594,20
-115.2,35.2,2908,-172.928771018982,51
-115.2,33.2,2909,-229.697834014893,27
-115.2,31.2,2910,-192.465749740601,56
-113.2,43.2,2994,-109.262395858765,-30
-113.2,41.2,2995,-142.077875137329,-19
-113.2,39.2,2996,-124.172520637512,14
-113.2,37.2,2997,-166.400301933289,56
-113.2,35.2,2998,-145.199625015259,60
-113.2,33.2,2999,-235.507905960083,44
-113.2,31.2,3000,-230.854814529419,44
-113.2,29.2,3001,-221.222625732422,33
-113.2,27.2,3002,-223.718812942505,21
-111.2,41.2,3085,-87.5057501792908,-87
-111.2,39.2,3086,-88.6340937614441,-20
-111.2,37.2,3087,-160.706948280335,57
-111.2,35.2,3088,-146.273551940918,52
-111.2,33.2,3089,-224.156885147095,58
-111.2,31.2,3090,-198.432666778565,146
-111.2,29.2,3091,-252.548187255859,88
-111.2,25.2,3093,-221.691312789917,62
-109.2,41.2,3175,-97.343635559082,-42
-109.2,39.2,3176,-142.026885032654,10
-109.2,37.2,3177,-161.407426834106,26
-109.2,35.2,3178,-140.156562805176,30
-109.2,33.2,3179,-159.143447875977,58
-109.2,31.2,3180,-197.232145309448,96
-109.2,29.2,3181,-240.63680267334,162
-109.2,27.2,3182,-269.114894866943,53
-107.2,37.2,3267,-95.5437083244324,56
-107.2,35.2,3268,-139.153354644775,38
-107.2,33.2,3269,-178.955729484558,55
-107.2,31.2,3270,-192.944448471069,73
-107.2,29.2,3271,-157.420062065125,18
-107.2,27.2,3272,-169.483020782471,169
-107.2,25.2,3273,-243.102125167847,1
-105.2,41.2,3355,-91.7689270973206,-52
-105.2,37.2,3357,-57.1748124361038,6
-105.2,35.2,3358,-143.660520553589,31
-105.2,33.2,3359,-149.429864883423,88
-105.2,31.2,3360,-180.332479476929,87
-105.2,29.2,3361,-204.4156665802,28
-105.2,27.2,3362,-197.753042221069,-34
-105.2,25.2,3363,-180.120187759399,-90
-105.2,23.2,3364,-206.117208480835,63
-103.2,43.2,3444,-127.317135810852,29
-103.2,41.2,3445,-124.140146255493,27
-103.2,39.2,3446,-128.901166915894,37
-103.2,37.2,3447,-142.984999656677,35
-103.2,35.2,3448,-172.713916778565,43
-103.2,33.2,3449,-170.124104499817,32
-103.2,31.2,3450,-205.698947906494,37
-103.2,29.2,3451,-201.069343566895,20
-103.2,27.2,3452,-208.412948608398,-13
-103.2,25.2,3453,-212.957979202271,74
-103.2,23.2,3454,-176.446135520935,0
-103.2,21.2,3455,-208.599281311035,94
-103.2,19.2,3456,-196.861749649048,-215
-101.2,43.2,3534,-124.707697868347,35
-101.2,41.2,3535,-131.310041427612,39
-101.2,39.2,3536,-147.148114204407,50
-101.2,37.2,3537,-164.124718666077,50
-101.2,35.2,3538,-172.260864257812,51
-101.2,33.2,3539,-193.405717849731,45
-101.2,31.2,3540,-200.602375030518,14
-101.2,29.2,3541,-235.875926971435,67
-101.2,27.2,3542,-243.200281143189,-9
-101.2,25.2,3543,-210.256885528565,-48
-101.2,23.2,3544,-184.223052024841,44
-101.2,21.2,3545,-175.24925994873,-9
-101.2,19.2,3546,-211.353157043457,-3
-99.2,39.2,3626,-152.288469314575,38
-99.2,37.2,3627,-172.396562576294,73
-99.2,35.2,3628,-185.565405845642,70
-99.2,33.2,3629,-201.60625076294,34
-99.2,31.2,3630,-205.825759887695,-35
-99.2,29.2,3631,-228.73380279541,30
-99.2,27.2,3632,-249.102760314941,28
-99.2,25.2,3633,-251.175354003906,-36
-99.2,23.2,3634,-208.550344467163,-75
-99.2,21.2,3635,-219.404052734375,-476
-99.2,19.2,3636,-140.583072662353,119
-99.2,17.2,3637,-251.425291061401,-38
-97.2,39.2,3716,-165.615655899048,51
-97.2,37.2,3717,-174.857885360718,69
-97.2,35.2,3718,-193.386551856995,105
-97.2,33.2,3719,-207.132448196411,85
-97.2,31.2,3720,-216.816072463989,77
-97.2,29.2,3721,-224.400053024292,68
-97.2,19.2,3726,-133.735458374023,130
-97.2,17.2,3727,-185.347385406494,-88
-95.2,39.2,3806,-163.873031616211,82
-95.2,37.2,3807,-174.048083305359,22
-95.2,35.2,3808,-195.937427520752,80
-95.2,33.2,3809,-206.650291442871,106
-95.2,31.2,3810,-216.133520126343,119
-95.2,29.2,3811,-220.376054763794,116
-95.2,17.2,3817,-256.767021179199,678
-93.2,37.2,3897,-163.832010269165,42
-93.2,35.2,3898,-187.363041877747,42
-93.2,33.2,3899,-203.835823059082,87
-93.2,31.2,3900,-212.519865036011,134
-93.2,17.2,3907,-237.508905410767,253
-91.2,39.2,3986,-156.225531578064,-35
-91.2,37.2,3987,-164.896291732788,-4
-91.2,35.2,3988,-188.997438430786,16
-91.2,33.2,3989,-203.311906814575,79
-91.2,31.2,3990,-212.531364440918,206
-91.2,17.2,3997,-268.697864532471,197
-91.2,15.2,3998,-201.566802978516,580
-91.2,-0.8,4006,-237.384538650513,-615
-89.2,37.2,4077,-171.256614685059,-40
-89.2,35.2,4078,-181.638312339783,-30
-89.2,33.2,4079,-191.534738540649,52
-89.2,31.2,4080,-207.420854568481,114
-89.2,29.2,4081,-217.286949157715,8
-89.2,21.2,4085,-259.198146820068,142
-89.2,19.2,4086,-264.545948028565,-5
-89.2,17.2,4087,-262.141864776611,473
-89.2,15.2,4088,-261.098114013672,316
-87.2,37.2,4167,-170.262270927429,-55
-87.2,35.2,4168,-170.536603927612,-46
-87.2,33.2,4169,-187.557636260986,-10
-87.2,31.2,4170,-200.762239456177,72
-87.2,21.2,4175,-253.72491645813,96
-87.2,15.2,4178,-239.43071937561,-40
-87.2,13.2,4179,-279.411344528198,-357
-85.2,39.2,4256,-150.858968734741,-62
-85.2,37.2,4257,-164.572666168213,-99
-85.2,35.2,4258,-165.242104530335,-63
-85.2,33.2,4259,-180.927707672119,-70
-85.2,31.2,4260,-208.15312576294,-9
-85.2,15.2,4268,-237.597885131836,-120
-85.2,13.2,4269,-244.688177108765,-658
-85.2,11.2,4270,-264.61323928833,-375
-83.2,39.2,4346,-150.849249839783,-92
-83.2,37.2,4347,-157.460385322571,-132
-83.2,35.2,4348,-143.303864479065,-165
-83.2,33.2,4349,-192.782968521118,-80
-83.2,31.2,4350,-208.0046043396,-49
-83.2,9.2,4361,-206.727947235107,-1009
-81.2,39.2,4436,-149.650343894958,-140
-81.2,35.2,4438,-177.840427398682,-149
-81.2,33.2,4439,-198.254739761353,-94
-81.2,29.2,4441,-222.993291854858,-45
-81.2,27.2,4442,-231.410531997681,-53
-81.2,-4.8,4458,-227.940574645996,-2
-79.2,39.2,4526,-121.460531234741,-227
-79.2,37.2,4527,-165.563115119934,-119
-79.2,35.2,4528,-183.224926948547,-118
-79.2,33.2,4529,-195.94206237793,-91
-79.2,9.2,4541,-247.193313598633,-893
-79.2,-0.8,4546,-235.523687362671,-353
-77.2,39.2,4616,-155.861573219299,-115
-77.2,37.2,4617,-173.328858375549,-72
-77.2,35.2,4618,-185.642416000366,-62
-77.2,21.2,4625,-254.367958068848,175
-77.2,7.2,4632,-263.883083343506,-480
-77.2,5.2,4633,-248.766260147095,-2549
-77.2,3.2,4634,-258.884000778198,-2666
-77.2,-0.8,4636,-244.61040687561,33
-77.2,-2.8,4637,-257.37652015686,-324
-77.2,-4.8,4638,-267.02837562561,-850
-75.2,9.2,4721,-263.392656326294,-247
-75.2,7.2,4722,-232.922500610352,-1239
-75.2,5.2,4723,-134.228833198547,-243
-75.2,3.2,4724,-270.932666778565,145
-75.2,1.2,4725,-258.441144943237,-169
-75.2,-0.8,4726,-260.519790649414,-71
-75.2,-2.8,4727,-260.248052597046,-26
-75.2,-4.8,4728,-267.253082275391,-193
-75.2,-6.8,4729,-270.106229782104,-343
-75.2,-8.8,4730,-263.279230117798,-354
-73.2,11.2,4810,-280.239828109741,-1030
-73.2,7.2,4812,-249.792728424072,73
-73.2,5.2,4813,-161.444645881653,571
-73.2,3.2,4814,-270.495780944824,-46
-73.2,1.2,4815,-271.882646560669,-51
-73.2,-0.8,4816,-265.168041229248,-363
-73.2,-2.8,4817,-263.946395874023,-259
-73.2,-4.8,4818,-264.876176834106,-479
-73.2,-6.8,4819,-264.369459152222,-286
-73.2,-8.8,4820,-265.579469680786,-151
-73.2,-10.8,4821,-271.414489746094,25
-73.2,-38.8,4835,-127.695979118347,257
-71.2,7.2,4902,-268.258937835693,-70
-71.2,5.2,4903,-270.295301437378,454
-71.2,3.2,4904,-274.525363922119,-135
-71.2,1.2,4905,-268.919988632202,-140
-71.2,-0.8,4906,-263.031448364258,-188
-71.2,-2.8,4907,-261.639760971069,-34
-71.2,-4.8,4908,-262.896083831787,-43
-71.2,-6.8,4909,-263.729604721069,-112
-71.2,-8.8,4910,-266.241094589233,-114
-71.2,-10.8,4911,-264.413457870483,196
-71.2,-12.8,4912,-250.007385253906,113
-71.2,-28.8,4920,-152.655624389648,-3
-71.2,-30.8,4921,-157.272083282471,45
-71.2,-32.8,4922,-150.418937683105,65
-71.2,-34.8,4923,-152.670520782471,182
-71.2,-38.8,4925,-99.3539686203003,349
-71.2,-40.8,4926,-81.3238644599915,206
-71.2,-42.8,4927,-61.5137605667114,180
-71.2,-46.8,4929,-69.1578960418701,21
-71.2,-48.8,4930,-78.9622707366943,16
-71.2,-50.8,4931,-72.7483539581299,18
-69.2,19.2,4986,-252.034532546997,221
-69.2,11.2,4990,-260.088687896729,-81
-69.2,9.2,4991,-283.759677886963,147
-69.2,7.2,4992,-284.868312835693,190
-69.2,5.2,4993,-280.500228881836,-258
-69.2,3.2,4994,-267.753749847412,-98
-69.2,1.2,4995,-261.303426742554,-12
-69.2,-0.8,4996,-258.452188491821,-156
-69.2,-2.8,4997,-258.874542236328,-88
-69.2,-4.8,4998,-262.923728942871,-140
-69.2,-6.8,4999,-265.393198013306,32
-69.2,-8.8,5000,-258.342802047729,-117
-69.2,-10.8,5001,-262.136489868164,30
-69.2,-12.8,5002,-266.742416381836,190
-69.2,-14.8,5003,-49.1834478378296,171
-69.2,-16.8,5004,-102.690864562988,-103
-69.2,-26.8,5009,-64.2050311565399,20
-69.2,-28.8,5010,-65.8956875801086,29
-69.2,-32.8,5012,-96.8733959197998,23
-69.2,-34.8,5013,-119.429573059082,89
-69.2,-36.8,5014,-111.9407081604,100
-69.2,-38.8,5015,-143.06796836853,14
-69.2,-40.8,5016,-102.160135269165,49
-69.2,-42.8,5017,-100.329812049866,54
-69.2,-44.8,5018,-116.359760284424,29
-69.2,-46.8,5019,-128.692271232605,60
-69.2,-48.8,5020,-106.000166893005,30
-69.2,-50.8,5021,-85.2021560668945,26
-67.2,9.2,5081,-279.65246963501,284
-67.2,7.2,5082,-286.357301712036,368
-67.2,5.2,5083,-270.422386169434,-19
-67.2,3.2,5084,-269.083478927612,466
-67.2,1.2,5085,-269.406707763672,96
-67.2,-0.8,5086,-263.001104354858,-382
-67.2,-2.8,5087,-258.703792572021,-165
-67.2,-4.8,5088,-261.927635192871,-27
-67.2,-6.8,5089,-266.199947357178,-237
-67.2,-8.8,5090,-271.411333084106,58
-67.2,-10.8,5091,-273.145217895508,-70
-67.2,-12.8,5092,-277.93902015686,225
-67.2,-14.8,5093,-259.198854446411,235
-67.2,-18.8,5095,-118.06969833374,-75
-67.2,-20.8,5096,-115.955541610718,-25
-67.2,-22.8,5097,-56.9721875190735,12
-67.2,-28.8,5100,-144.682437896728,31
-67.2,-30.8,5101,-194.400760650635,78
-67.2,-32.8,5102,-185.881010055542,23
-67.2,-34.8,5103,-171.826229095459,-34
-67.2,-36.8,5104,-158.552000045776,-15
-67.2,-38.8,5105,-147.373615264893,-9
-67.2,-40.8,5106,-131.61266708374,12
-67.2,-42.8,5107,-136.144989967346,42
-67.2,-44.8,5108,-129.246864318848,36
-67.2,-46.8,5109,-119.587641716003,39
-67.2,-48.8,5110,-109.547248840332,29
-65.2,9.2,5171,-276.166656494141,265
-65.2,7.2,5172,-282.047302246094,115
-65.2,5.2,5173,-221.457738876343,-500
-65.2,3.2,5174,-265.135927200317,-47
-65.2,1.2,5175,-246.400417327881,-215
-65.2,-0.8,5176,-266.488353729248,-314
-65.2,-2.8,5177,-267.320655822754,-239
-65.2,-4.8,5178,-268.570062637329,-340
-65.2,-6.8,5179,-267.817176818848,208
-65.2,-8.8,5180,-273.899187088013,48
-65.2,-10.8,5181,-276.148187637329,295
-65.2,-12.8,5182,-280.206604003906,164
-65.2,-14.8,5183,-272.230770111084,123
-65.2,-16.8,5184,-265.489770889282,461
-65.2,-20.8,5186,-172.188354492188,-29
-65.2,-22.8,5187,-110.325135231018,45
-65.2,-24.8,5188,-183.507749557495,56
-65.2,-26.8,5189,-198.509937286377,10
-65.2,-28.8,5190,-207.83306312561,76
-65.2,-30.8,5191,-198.9625415802,29
-65.2,-32.8,5192,-169.248073577881,20
-65.2,-34.8,5193,-171.549282073975,-58
-65.2,-36.8,5194,-157.605812072754,-55
-65.2,-38.8,5195,-158.53361415863,-30
-65.2,-40.8,5196,-155.231603622436,18
-65.2,-42.8,5197,-139.538270950317,33
-63.2,9.2,5261,-274.079217910767,182
-63.2,7.2,5262,-267.714000701904,280
-63.2,5.2,5263,-263.349979400635,-882
-63.2,3.2,5264,-250.932802200317,250
-63.2,1.2,5265,-267.429969787598,79
-63.2,-0.8,5266,-268.749624252319,5
-63.2,-2.8,5267,-269.600395202637,-233
-63.2,-4.8,5268,-266.486030578613,-146
-63.2,-6.8,5269,-270.796188354492,-130
-63.2,-8.8,5270,-272.634635925293,-28
-63.2,-10.8,5271,-264.077260971069,-478
-63.2,-12.8,5272,-268.384229660034,25
-63.2,-14.8,5273,-269.468145370483,43
-63.2,-16.8,5274,-260.163780212402,102
-63.2,-18.8,5275,-251.591791152954,63
-63.2,-20.8,5276,-236.732082366943,-23
-63.2,-22.8,5277,-236.612396240234,191
-63.2,-24.8,5278,-225.74341583252,-28
-63.2,-26.8,5279,-215.382093429565,-100
-63.2,-28.8,5280,-208.731197357178,-76
-63.2,-30.8,5281,-188.577125549316,-46
-63.2,-32.8,5282,-176.333583831787,-30
-63.2,-34.8,5283,-170.707155227661,79
-63.2,-36.8,5284,-159.576166152954,-122
-63.2,-38.8,5285,-158.706739425659,-50
-63.2,-40.8,5286,-147.471281051636,22
-61.2,13.2,5349,-242.898113250732,74
-61.2,9.2,5351,-263.697813034058,568
-61.2,7.2,5352,-274.271469116211,548
-61.2,5.2,5353,-226.192739486694,266
-61.2,3.2,5354,-276.807010650635,428
-61.2,1.2,5355,-278.779375076294,140
-61.2,-0.8,5356,-274.387542724609,106
-61.2,-2.8,5357,-273.582958221435,-150
-61.2,-4.8,5358,-272.019426345825,-289
-61.2,-6.8,5359,-272.379594802856,-95
-61.2,-8.8,5360,-270.539781570435,9
-61.2,-10.8,5361,-259.427551269531,131
-61.2,-12.8,5362,-246.344135284424,-18
-61.2,-14.8,5363,-258.326280593872,63
-61.2,-16.8,5364,-247.020072937012,-46
-61.2,-18.8,5365,-253.614770889282,10
-61.2,-20.8,5366,-246.237749099731,-69
-61.2,-22.8,5367,-239.938499450684,-10
-61.2,-24.8,5368,-227.438863754272,-28
-61.2,-26.8,5369,-221.423614501953,-88
-61.2,-28.8,5370,-207.961771011353,-141
-61.2,-30.8,5371,-191.352115631104,-48
-61.2,-32.8,5372,-172.83038520813,-59
-61.2,-34.8,5373,-162.95251083374,-88
-61.2,-36.8,5374,-152.824707984924,-93
-61.2,-38.8,5375,-146.721219062805,63
-59.2,7.2,5442,-269.803874969482,578
-59.2,5.2,5443,-263.662801742554,-329
-59.2,3.2,5444,-264.732978820801,280
-59.2,1.2,5445,-277.543636322021,-83
-59.2,-0.8,5446,-277.451583862305,-119
-59.2,-2.8,5447,-277.255531311035,-215
-59.2,-4.8,5448,-274.938459396362,-172
-59.2,-6.8,5449,-267.589031219482,-188
-59.2,-8.8,5450,-266.11953163147,-86
-59.2,-10.8,5451,-258.324459075928,92
-59.2,-12.8,5452,-246.912082672119,-59
-59.2,-14.8,5453,-242.272249221802,85
-59.2,-16.8,5454,-265.230302810669,31
-59.2,-18.8,5455,-261.499052047729,-72
-59.2,-20.8,5456,-260.200082778931,-61
-59.2,-22.8,5457,-247.689531326294,-43
-59.2,-24.8,5458,-233.949750900269,14
-59.2,-26.8,5459,-217.560062408447,-32
-59.2,-28.8,5460,-205.527927398682,-185
-59.2,-30.8,5461,-192.750093460083,-110
-59.2,-32.8,5462,-180.288427352905,-80
-59.2,-34.8,5463,-167.659645080566,-38
-59.2,-36.8,5464,-147.475250244141,-67
-57.2,5.2,5533,-276.052614212036,392
-57.2,3.2,5534,-273.083728790283,69
-57.2,1.2,5535,-272.928552627563,-314
-57.2,-0.8,5536,-278.429094314575,57
-57.2,-2.8,5537,-285.716135025024,208
-57.2,-4.8,5538,-273.484437942505,-108
-57.2,-6.8,5539,-270.626354217529,-88
-57.2,-8.8,5540,-268.754812240601,-269
-57.2,-10.8,5541,-265.82084274292,-23
-57.2,-12.8,5542,-271.576728820801,123
-57.2,-14.8,5543,-270.176874160767,-171
-57.2,-16.8,5544,-275.177083969116,62
-57.2,-18.8,5545,-271.098155975342,-9
-57.2,-20.8,5546,-261.179874420166,-27
-57.2,-22.8,5547,-244.444864273071,0
-57.2,-24.8,5548,-234.759708404541,-68
-57.2,-26.8,5549,-223.208415985107,19
-57.2,-28.8,5550,-207.503749847412,-130
-57.2,-30.8,5551,-189.940458297729,-82
-57.2,-32.8,5552,-180.93095779419,-11
-57.2,-36.8,5554,-150.305895805359,258
-55.2,5.2,5623,-269.374500274658,590
-55.2,3.2,5624,-269.063375473023,-102
-55.2,1.2,5625,-261.800312042236,-108
-55.2,-0.8,5626,-266.696907043457,459
-55.2,-2.8,5627,-271.786354064941,19
-55.2,-4.8,5628,-270.469478607178,-18
-55.2,-6.8,5629,-263.404886245727,-9
-55.2,-8.8,5630,-251.914697647095,-174
-55.2,-10.8,5631,-266.133270263672,45
-55.2,-12.8,5632,-263.874645233154,-4
-55.2,-14.8,5633,-254.236343383789,8
-55.2,-16.8,5634,-269.101093292236,178
-55.2,-18.8,5635,-269.83984375,93
-55.2,-20.8,5636,-253.989719390869,21
-55.2,-22.8,5637,-234.14687538147,-33
-55.2,-24.8,5638,-223.276718139648,-110
-55.2,-26.8,5639,-207.429010391235,-192
-55.2,-28.8,5640,-202.831853866577,-212
-55.2,-30.8,5641,-185.049989700317,-91
-55.2,-32.8,5642,-173.801239013672,-93
-55.2,-34.8,5643,-166.881580352783,-68
-53.2,5.2,5713,-264.208915710449,757
-53.2,3.2,5714,-258.677145004273,696
-53.2,1.2,5715,-262.654697418213,21
-53.2,-0.8,5716,-264.086687088013,185
-53.2,-2.8,5717,-271.343124389648,24
-53.2,-4.8,5718,-262.212448120117,119
-53.2,-6.8,5719,-259.988458633423,-3
-53.2,-8.8,5720,-263.332792282104,-177
-53.2,-10.8,5721,-269.440853118896,-62
-53.2,-12.8,5722,-265.281084060669,-208
-53.2,-14.8,5723,-243.72364616394,-23
-53.2,-16.8,5724,-241.476177215576,-73
-53.2,-18.8,5725,-245.40082359314,18
-53.2,-20.8,5726,-247.68585395813,6
-53.2,-22.8,5727,-232.733917236328,-118
-53.2,-24.8,5728,-194.963886260986,-222
-53.2,-26.8,5729,-194.308488845825,-197
-53.2,-28.8,5730,-191.225854873657,-239
-53.2,-30.8,5731,-183.029666900635,-113
-53.2,-32.8,5732,-174.156051635742,-89
-51.2,3.2,5804,-265.709707260132,409
-51.2,1.2,5805,-269.863948822021,600
-51.2,-0.8,5806,-277.55871963501,-9
-51.2,-2.8,5807,-276.005167007446,147
-51.2,-4.8,5808,-267.817155838013,91
-51.2,-6.8,5809,-263.028749465942,77
-51.2,-8.8,5810,-265.71081161499,210
-51.2,-10.8,5811,-283.509885787964,46
-51.2,-12.8,5812,-278.547250747681,35
-51.2,-14.8,5813,-268.537645339966,26
-51.2,-16.8,5814,-255.196031570435,105
-51.2,-18.8,5815,-254.822916030884,3
-51.2,-20.8,5816,-236.094583511353,-29
-51.2,-22.8,5817,-225.777208328247,-126
-51.2,-24.8,5818,-192.316864013672,-253
-51.2,-26.8,5819,-162.845146179199,-410
-51.2,-28.8,5820,-171.651176452637,-332
-49.2,-0.8,5896,-278.061738967896,1102
-49.2,-2.8,5897,-277.616416931152,97
-49.2,-4.8,5898,-279.379333496094,-117
-49.2,-6.8,5899,-269.245906829834,125
-49.2,-8.8,5900,-272.10029220581,24
-49.2,-10.8,5901,-279.701969146729,-127
-49.2,-12.8,5902,-275.176115036011,57
-49.2,-14.8,5903,-256.0390625,-144
-49.2,-16.8,5904,-238.897302627564,255
-49.2,-18.8,5905,-242.264041900635,222
-49.2,-20.8,5906,-233.318426132202,-55
-49.2,-22.8,5907,-208.505645751953,-150
-49.2,-24.8,5908,-208.839948654175,-170
-49.2,-26.8,5909,-199.733270645142,-174
-49.2,-28.8,5910,-193.310657501221,-246
-47.2,-0.8,5986,-264.643838882446,318
-47.2,-2.8,5987,-270.057989120483,135
-47.2,-4.8,5988,-265.74995803833,229
-47.2,-6.8,5989,-265.80641746521,96
-47.2,-8.8,5990,-267.912738800049,-124
-47.2,-10.8,5991,-266.000551223755,-33
-47.2,-12.8,5992,-264.835447311401,26
-47.2,-14.8,5993,-258.524478912354,-18
-47.2,-16.8,5994,-229.617416381836,151
-47.2,-18.8,5995,-225.049760818481,46
-47.2,-20.8,5996,-213.468259811401,-14
-47.2,-22.8,5997,-205.412855148315,-121
-45.2,-2.8,6077,-273.545207977295,249
-45.2,-4.8,6078,-272.700584411621,226
-45.2,-6.8,6079,-268.082447052002,174
-45.2,-8.8,6080,-266.052520751953,76
-45.2,-10.8,6081,-247.476146697998,15
-45.2,-12.8,6082,-248.328437805176,-66
-45.2,-14.8,6083,-238.037364959717,18
-45.2,-16.8,6084,-241.683135986328,27
-45.2,-18.8,6085,-238.484645843506,-33
-45.2,-20.8,6086,-204.583415985107,-18
-45.2,-22.8,6087,-200.901437759399,-25
-43.2,-2.8,6167,-269.919551849365,97
-43.2,-4.8,6168,-277.092937469482,284
-43.2,-6.8,6169,-283.14946937561,295
-43.2,-8.8,6170,-265.050552368164,118
-43.2,-10.8,6171,-256.196750640869,50
-43.2,-12.8,6172,-263.330842971802,14
-43.2,-14.8,6173,-248.850063323975,-51
-43.2,-16.8,6174,-215.132989883423,-12
-43.2,-18.8,6175,-212.785146713257,-156
-43.2,-20.8,6176,-208.193698883057,9
-43.2,-22.8,6177,-227.582920074463,35
-41.2,-4.8,6258,-253.726104736328,4
-41.2,-6.8,6259,-256.718292236328,121
-41.2,-8.8,6260,-255.821905136108,80
-41.2,-10.8,6261,-230.745988845825,7
-41.2,-12.8,6262,-248.251926422119,100
-41.2,-14.8,6263,-237.994281768799,0
-41.2,-16.8,6264,-221.855604171753,-23
-41.2,-18.8,6265,-232.980104446411,-25
-41.2,-20.8,6266,-237.997842788696,-4
-39.2,-4.8,6348,-256.409969329834,9
-39.2,-6.8,6349,-262.20768737793,135
-39.2,-8.8,6350,-254.072322845459,-21
-39.2,-10.8,6351,-246.317321777344,62
-39.2,-12.8,6352,-234.904281616211,81
-39.2,-14.8,6353,-245.836427688599,294
-39.2,-16.8,6354,-244.7428855896,194
-37.2,-6.8,6439,-260.336906433106,50
-37.2,-8.8,6440,-225.829936981201,132
-37.2,-10.8,6441,-248.13203048706,322
-35.2,-6.8,6529,-251.701021194458,122
-35.2,-8.8,6530,-238.035207748413,145
-15.2,23.2,7414,-220.974416732788,1
-15.2,21.2,7415,-252.167364120483,4
-15.2,19.2,7416,-274.807844161987,-7
-15.2,17.2,7417,-275.241125106812,-32
-15.2,15.2,7418,-279.667177200317,22
-15.2,13.2,7419,-278.793113708496,122
-15.2,11.2,7420,-267.517272949219,138
-13.2,27.2,7502,-205.206384658814,7
-13.2,25.2,7503,-233.61060333252,-6
-13.2,23.2,7504,-256.98059463501,-2
-13.2,21.2,7505,-281.469207763672,0
-13.2,19.2,7506,-301.613479614258,-20
-13.2,17.2,7507,-299.863708496094,4
-13.2,15.2,7508,-294.007207870483,39
-13.2,13.2,7509,-293.130365371704,143
-13.2,11.2,7510,-274.428510665894,318
-13.2,9.2,7511,-286.699884414673,52
-11.2,27.2,7592,-224.527780532837,0
-11.2,25.2,7593,-249.941198348999,-9
-11.2,23.2,7594,-279.713781356812,-4
-11.2,21.2,7595,-284.409051895142,-11
-11.2,19.2,7596,-294.696615219116,-26
-11.2,17.2,7597,-301.267219543457,17
-11.2,15.2,7598,-297.53807258606,29
-11.2,13.2,7599,-291.818614959717,99
-11.2,11.2,7600,-263.818290710449,106
-11.2,9.2,7601,-253.16237449646,113
-11.2,7.2,7602,-260.737405776977,50
-9.2,39.2,7676,-162.393926620483,95
-9.2,31.2,7680,-162.994801521301,117
-9.2,29.2,7681,-189.813634872436,47
-9.2,27.2,7682,-238.923812866211,0
-9.2,23.2,7684,-289.745958328247,-4
-9.2,21.2,7685,-295.317552566528,-12
-9.2,19.2,7686,-299.847646713257,-23
-9.2,17.2,7687,-306.42725944519,-37
-9.2,15.2,7688,-291.500186920166,-66
-9.2,13.2,7689,-287.862384796143,28
-9.2,11.2,7690,-270.268686294556,-4
-9.2,9.2,7691,-242.344511032104,-144
-9.2,7.2,7692,-251.966802597046,-93
-9.2,5.2,7693,-253.624523162842,-16
-7.2,43.2,7764,-137.064489364624,459
-7.2,41.2,7765,-151.3741979599,272
-7.2,39.2,7766,-178.821260452271,76
-7.2,37.2,7767,-191.305253982544,129
-7.2,33.2,7769,-197.619916915894,154
-7.2,31.2,7770,-158.503739356995,86
-7.2,29.2,7771,-252.421541213989,26
-7.2,23.2,7774,-292.461229324341,-6
-7.2,21.2,7775,-299.853103637695,-10
-7.2,19.2,7776,-305.563697814941,-14
-7.2,17.2,7777,-314.237396240234,-17
-7.2,15.2,7778,-286.416488647461,-112
-7.2,13.2,7779,-282.735677719116,-135
-7.2,11.2,7780,-273.898145675659,3
-7.2,9.2,7781,-262.215084075928,-103
-7.2,7.2,7782,-254.929010391235,-95
-7.2,5.2,7783,-256.300323486328,13
-5.2,43.2,7854,-123.525364875793,175
-5.2,41.2,7855,-148.837124824524,100
-5.2,39.2,7856,-185.776156425476,124
-5.2,37.2,7857,-200.726417541504,72
-5.2,35.2,7858,-182.546521186829,221
-5.2,33.2,7859,-142.43538570404,-195
-5.2,31.2,7860,-210.40238571167,26
-5.2,29.2,7861,-264.364677429199,11
-5.2,21.2,7865,-303.081823348999,-9
-5.2,19.2,7866,-301.539375305176,-11
-5.2,17.2,7867,-298.374698638916,-7
-5.2,15.2,7868,-282.052541732788,-56
-5.2,13.2,7869,-281.743593215942,-116
-5.2,11.2,7870,-272.199468612671,-84
-5.2,9.2,7871,-266.534698486328,-83
-5.2,7.2,7872,-266.709457397461,-2
-5.2,5.2,7873,-267.833686828613,-156
-3.2,43.2,7944,-142.636219024658,129
-3.2,41.2,7945,-120.997896194458,46
-3.2,39.2,7946,-173.171385765076,62
-3.2,37.2,7947,-152.6930103302,65
-3.2,33.2,7949,-170.219082832336,2
-3.2,31.2,7950,-226.721843719482,24
-3.2,21.2,7955,-302.579166412354,-8
-3.2,19.2,7956,-300.421291351318,-15
-3.2,17.2,7957,-293.116353988648,-57
-3.2,15.2,7958,-286.691144943237,-147
-3.2,13.2,7959,-290.865770339966,-119
-3.2,11.2,7960,-284.251541137695,-143
-3.2,9.2,7961,-269.204259872437,-145
-3.2,7.2,7962,-266.589593887329,-68
-3.2,5.2,7963,-264.646646499634,-264
-1.2,49.2,8031,-132.767853736877,1
-1.2,43.2,8034,-147.806812286377,76
-1.2,41.2,8035,-139.103052139282,16
-1.2,39.2,8036,-165.949833869934,36
-1.2,35.2,8038,-193.251708984375,55
-1.2,33.2,8039,-188.50156211853,29
-1.2,31.2,8040,-232.142719268799,-24
-1.2,29.2,8041,-263.004240036011,-19
-1.2,21.2,8045,-303.608863830566,-10
-1.2,19.2,8046,-301.203176498413,-31
-1.2,17.2,8047,-299.558624267578,-98
-1.2,15.2,8048,-303.138271331787,-187
-1.2,13.2,8049,-285.770416259766,-192
-1.2,11.2,8050,-281.158540725708,-103
-1.2,9.2,8051,-287.648780822754,-78
-1.2,7.2,8052,-267.551750183106,-57
-1.2,5.2,8053,-260.511812210083,113
0.8,49.2,8121,-124.570520401001,14
0.8,45.2,8123,-145.511052131653,64
0.8,41.2,8125,-166.180125236511,42
0.8,35.2,8128,-182.639905929565,115
0.8,33.2,8129,-184.037260055542,3
0.8,31.2,8130,-235.629884719849,-12
0.8,29.2,8131,-261.496301651001,-1
0.8,23.2,8134,-300.910343170166,-10
0.8,21.2,8135,-301.154718399048,-16
0.8,19.2,8136,-301.923749923706,-42
0.8,17.2,8137,-302.404937744141,-119
0.8,15.2,8138,-293.829927444458,-225
0.8,13.2,8139,-290.317687988281,-220
0.8,11.2,8140,-287.420530319214,-161
0.8,9.2,8141,-273.095697402954,-130
0.8,7.2,8142,-238.302614212036,-47
2.8,49.2,8211,-130.7579164505,-42
2.8,47.2,8212,-134.498447418213,-33
2.8,45.2,8213,-106.680145740509,67
2.8,43.2,8214,-170.682229042053,-17
2.8,35.2,8218,-177.491958618164,51
2.8,33.2,8219,-205.515501022339,-1
2.8,31.2,8220,-240.209594726562,-8
2.8,29.2,8221,-247.239562988281,-9
2.8,25.2,8223,-285.891551971435,-2
2.8,23.2,8224,-283.566457748413,-10
2.8,21.2,8225,-285.302968978882,-25
2.8,19.2,8226,-287.992280960083,-69
2.8,17.2,8227,-299.797218322754,-149
2.8,15.2,8228,-298.382125854492,-199
2.8,13.2,8229,-291.92022895813,-247
2.8,11.2,8230,-283.087228775024,-207
2.8,9.2,8231,-268.428781509399,-161
2.8,7.2,8232,-269.856895446777,32
4.8,49.2,8301,-128.789916992188,-71
4.8,47.2,8302,-125.832864761353,-40
4.8,45.2,8303,-142.462510108948,3
4.8,35.2,8308,-195.941009521484,20
4.8,33.2,8309,-225.343978881836,4
4.8,31.2,8310,-251.00493812561,-3
4.8,25.2,8313,-257.278270721435,-4
4.8,23.2,8314,-260.362354278565,-6
4.8,21.2,8315,-279.302740097046,-22
4.8,19.2,8316,-292.297229766846,-84
4.8,17.2,8317,-298.890739440918,-170
4.8,15.2,8318,-295.001291275024,-169
4.8,13.2,8319,-289.443906784058,-311
4.8,11.2,8320,-275.643156051636,-205
4.8,9.2,8321,-277.905813217163,-188
4.8,7.2,8322,-261.313667297363,-60
6.8,49.2,8391,-126.454010009766,50
6.8,47.2,8392,-110.42258310318,-136
6.8,45.2,8393,-61.5306458473206,-240
6.8,35.2,8398,-155.726354598999,4
6.8,33.2,8399,-240.225843429565,4
6.8,31.2,8400,-249.096115112305,3
6.8,29.2,8401,-256.260457992554,0
6.8,25.2,8403,-250.916374206543,2
6.8,23.2,8404,-245.737270355225,-3
6.8,21.2,8405,-278.120561599731,-12
6.8,19.2,8406,-291.968469619751,-37
6.8,17.2,8407,-291.94926071167,-130
6.8,15.2,8408,-283.940864562988,-163
6.8,13.2,8409,-274.504135131836,-227
6.8,11.2,8410,-261.364957809448,-250
6.8,9.2,8411,-274.597749710083,-113
6.8,7.2,8412,-273.01796913147,-135
6.8,5.2,8413,-265.604249954224,115
8.8,49.2,8481,-133.958582878113,20
8.8,47.2,8482,-124.863270759583,-78
8.8,45.2,8483,-159.969541549683,-226
8.8,39.2,8486,-175.695688247681,120
8.8,35.2,8488,-189.730823516846,36
8.8,33.2,8489,-236.826822280884,18
8.8,31.2,8490,-240.183218002319,6
8.8,29.2,8491,-250.117603302002,-1
8.8,25.2,8493,-236.915739059448,3
8.8,23.2,8494,-261.436874389648,3
8.8,21.2,8495,-275.4055519104,-5
8.8,19.2,8496,-243.654134750366,-33
8.8,17.2,8497,-274.946594238281,-88
8.8,15.2,8498,-279.552030563354,-260
8.8,13.2,8499,-274.738718032837,-184
8.8,11.2,8500,-259.600208282471,-159
8.8,9.2,8501,-226.395042419434,-102
8.8,7.2,8502,-271.018634796143,-25
8.8,5.2,8503,-257.448249816894,-112
8.8,-0.8,8506,-256.098621368408,-173
10.8,45.2,8573,-165.125968933105,-133
10.8,43.2,8574,-173.158093452454,-5
10.8,35.2,8578,-213.064134597778,45
10.8,33.2,8579,-224.113948822021,25
10.8,31.2,8580,-210.380270004272,9
10.8,29.2,8581,-226.944896697998,-3
10.8,25.2,8583,-259.154239654541,7
10.8,21.2,8585,-280.535625457764,-1
10.8,19.2,8586,-284.096593856812,-16
10.8,17.2,8587,-282.219301223755,-59
10.8,15.2,8588,-275.384365081787,-136
10.8,13.2,8589,-272.459625244141,-209
10.8,11.2,8590,-254.649145126343,-266
10.8,9.2,8591,-274.593479156494,32
10.8,7.2,8592,-260.650978088379,61
10.8,5.2,8593,-231.643447875977,39
10.8,3.2,8594,-245.626323699951,-69
10.8,1.2,8595,-223.615228652954,-351
10.8,-0.8,8596,-254.567573547363,-386
10.8,-2.8,8597,-256.212959289551,-306
12.8,47.2,8662,-78.3198854923248,-125
12.8,43.2,8664,-158.953666687012,100
12.8,31.2,8670,-220.485864639282,13
12.8,19.2,8676,-279.642114639282,-15
12.8,17.2,8677,-279.58988571167,-41
12.8,15.2,8678,-277.475936889648,-84
12.8,13.2,8679,-270.51895904541,-199
12.8,11.2,8680,-255.934833526611,-247
12.8,9.2,8681,-281.222198486328,-46
12.8,7.2,8682,-230.626750946045,-27
12.8,5.2,8683,-246.124322891235,73
12.8,3.2,8684,-239.387073516846,-63
12.8,1.2,8685,-241.074594497681,-297
12.8,-0.8,8686,-248.36595916748,-362
12.8,-2.8,8687,-229.10279083252,-426
12.8,-4.8,8688,-246.422697067261,-241
12.8,-6.8,8689,-262.281089782715,-263
12.8,-14.8,8693,-230.527271270752,-171
12.8,-16.8,8694,-209.133541107178,-19
12.8,-18.8,8695,-192.994739532471,6
14.8,47.2,8752,-92.1130313873291,-165
14.8,45.2,8753,-131.815450668335,138
14.8,41.2,8755,-173.320073127747,75
14.8,37.2,8757,-177.382603645325,73
14.8,17.2,8767,-283.957624435425,-61
14.8,15.2,8768,-286.154790878296,-168
14.8,13.2,8769,-279.890092849731,-199
14.8,11.2,8770,-280.179510116577,-229
14.8,9.2,8771,-275.862239837646,-137
14.8,7.2,8772,-236.17195892334,-169
14.8,5.2,8773,-237.832717895508,11
14.8,3.2,8774,-248.89185333252,-20
14.8,1.2,8775,-245.1374168396,-143
14.8,-0.8,8776,-249.124635696411,-397
14.8,-2.8,8777,-241.753894805908,-389
14.8,-4.8,8778,-238.784927368164,-187
14.8,-6.8,8779,-239.213333129883,-184
14.8,-8.8,8780,-232.881708145142,-384
14.8,-10.8,8781,-219.044353485107,-473
14.8,-12.8,8782,-202.018688201904,-482
14.8,-14.8,8783,-210.320728302002,-139
14.8,-16.8,8784,-235.615303039551,-41
14.8,-18.8,8785,-234.211395263672,-2
14.8,-20.8,8786,-227.970989227295,6
14.8,-22.8,8787,-181.293802261353,11
16.8,49.2,8841,-122.981583595276,-110
16.8,47.2,8842,-141.225166320801,-1
16.8,45.2,8843,-151.651458740234,17
16.8,39.2,8846,-162.668208122253,89
16.8,29.2,8851,-215.01397895813,-2
16.8,25.2,8853,-247.465646743774,3
16.8,17.2,8857,-295.774854660034,-66
16.8,13.2,8859,-297.33876991272,-221
16.8,11.2,8860,-283.501634597778,-306
16.8,9.2,8861,-279.489166259766,-209
16.8,7.2,8862,-266.086145401001,-202
16.8,5.2,8863,-245.206655502319,-81
16.8,3.2,8864,-247.067613601685,-204
16.8,1.2,8865,-256.965644836426,-295
16.8,-0.8,8866,-264.787509918213,-108
16.8,-2.8,8867,-258.565467834473,-125
16.8,-4.8,8868,-250.431791305542,-187
16.8,-6.8,8869,-243.195384979248,-1
16.8,-8.8,8870,-238.423551559448,-139
16.8,-10.8,8871,-216.372312545776,-234
16.8,-12.8,8872,-199.749645233154,-154
16.8,-14.8,8873,-217.638822555542,-14
16.8,-16.8,8874,-240.305635452271,50
16.8,-18.8,8875,-241.32500076294,15
16.8,-20.8,8876,-205.941896438599,17
16.8,-22.8,8877,-201.810134887695,33
16.8,-24.8,8878,-182.398488998413,35
16.8,-26.8,8879,-170.376677513123,24
16.8,-28.8,8880,-161.770843505859,0
18.8,49.2,8931,-122.732051849365,-108
18.8,47.2,8932,-154.17126083374,-40
18.8,45.2,8933,-154.86572933197,-61
18.8,43.2,8934,-91.9006352424622,29
18.8,29.2,8941,-220.772113800049,-12
18.8,27.2,8942,-228.863353729248,0
18.8,25.2,8943,-241.718978881836,0
18.8,13.2,8949,-294.378969192505,-188
18.8,11.2,8950,-279.021291732788,-359
18.8,9.2,8951,-276.606416702271,-273
18.8,7.2,8952,-252.455781936646,-273
18.8,5.2,8953,-262.639198303223,-133
18.8,3.2,8954,-258.27240562439,-282
18.8,1.2,8955,-263.820489883423,-185
18.8,-0.8,8956,-259.965854644775,-161
18.8,-2.8,8957,-259.832040786743,-233
18.8,-4.8,8958,-259.140769958496,-280
18.8,-6.8,8959,-228.231073379517,-112
18.8,-8.8,8960,-225.365802764893,-25
18.8,-10.8,8961,-221.113636016846,-146
18.8,-12.8,8962,-214.507144927979,-140
18.8,-14.8,8963,-221.117666244507,-1
18.8,-16.8,8964,-235.009302139282,31
18.8,-18.8,8965,-235.688291549683,7
18.8,-20.8,8966,-216.193771362305,-11
18.8,-22.8,8967,-209.362937927246,-1
18.8,-24.8,8968,-215.941854476929,9
18.8,-26.8,8969,-218.92356300354,20
18.8,-28.8,8970,-220.880104064941,15
18.8,-30.8,8971,-184.573863983154,35
18.8,-32.8,8972,-171.063718795776,-28
20.8,47.2,9022,-150.339416503906,-48
20.8,45.2,9023,-156.611281394958,-40
20.8,43.2,9024,-115.637916564941,-76
20.8,41.2,9025,-136.255208015442,-6
20.8,39.2,9026,-175.273177146912,-52
20.8,31.2,9030,-218.953311920166,25
20.8,29.2,9031,-236.139427185059,-19
20.8,27.2,9032,-238.645729064941,-1
20.8,25.2,9033,-244.180509567261,0
20.8,13.2,9039,-290.123208999634,-284
20.8,11.2,9040,-277.581365585327,-355
20.8,9.2,9041,-275.943500518799,-409
20.8,7.2,9042,-258.996488571167,-338
20.8,5.2,9043,-255.964406967163,-238
20.8,3.2,9044,-259.264198303223,-59
20.8,1.2,9045,-257.929386138916,-16
20.8,-0.8,9046,-257.813520431519,14
20.8,-2.8,9047,-253.247770309448,-156
20.8,-4.8,9048,-254.38963508606,-217
20.8,-6.8,9049,-253.312280654907,-225
20.8,-8.8,9050,-237.79197883606,-56
20.8,-10.8,9051,-223.527584075928,-113
20.8,-12.8,9052,-218.143405914307,-64
20.8,-14.8,9053,-219.80620765686,-38
20.8,-16.8,9054,-227.385520935059,-14
20.8,-18.8,9055,-232.307874679565,-30
20.8,-20.8,9056,-229.550386428833,-55
20.8,-22.8,9057,-214.302843093872,-24
20.8,-26.8,9059,-212.572780609131,36
20.8,-28.8,9060,-209.493532180786,24
20.8,-30.8,9061,-187.279375076294,22
20.8,-32.8,9062,-146.979552268982,44
22.8,47.2,9112,-140.370520591736,-30
22.8,45.2,9113,-95.4277396202087,-77
22.8,43.2,9114,-106.020885467529,27
22.8,41.2,9115,-164.072927474976,-1
22.8,39.2,9116,-195.667002677918,13
22.8,37.2,9117,-162.566097259522,71
22.8,31.2,9120,-219.444292068481,12
22.8,27.2,9122,-245.368312835693,6
22.8,25.2,9123,-250.881364822388,2
22.8,13.2,9129,-254.40069770813,-286
22.8,11.2,9130,-268.546333312988,-257
22.8,9.2,9131,-264.870134353638,-317
22.8,7.2,9132,-257.471843719482,-306
22.8,5.2,9133,-257.402374267578,-288
22.8,3.2,9134,-257.363925933838,-58
22.8,1.2,9135,-256.902177810669,-73
22.8,-0.8,9136,-254.900552749634,42
22.8,-2.8,9137,-251.144979476929,-158
22.8,-4.8,9138,-256.606958389282,-244
22.8,-6.8,9139,-239.861885070801,-163
22.8,-8.8,9140,-234.65460395813,-45
22.8,-10.8,9141,-233.023813247681,-76
22.8,-12.8,9142,-211.882186889648,-45
22.8,-14.8,9143,-235.902082443237,-34
22.8,-16.8,9144,-235.263084411621,21
22.8,-18.8,9145,-235.655948638916,-12
22.8,-20.8,9146,-232.316959381104,-90
22.8,-22.8,9147,-222.586729049683,-50
22.8,-24.8,9148,-214.024604797363,-9
22.8,-26.8,9149,-207.372938156128,35
22.8,-28.8,9150,-199.475740432739,31
22.8,-30.8,9151,-173.988750457764,13
22.8,-32.8,9152,-175.237947463989,12
24.8,45.2,9203,-124.412989616394,-75
24.8,43.2,9204,-150.88346862793,5
24.8,41.2,9205,-139.100583076477,-3
24.8,35.2,9208,-157.613333702087,89
24.8,31.2,9210,-213.327219009399,22
24.8,29.2,9211,-240.599792480469,35
24.8,27.2,9212,-241.654666900635,15
24.8,13.2,9219,-241.982833862305,-283
24.8,11.2,9220,-277.02677154541,-222
24.8,9.2,9221,-260.158208847046,-211
24.8,7.2,9222,-254.129083633423,-237
24.8,5.2,9223,-254.195062637329,-201
24.8,3.2,9224,-253.318687438965,-236
24.8,1.2,9225,-260.535667419434,-162
24.8,-0.8,9226,-256.190895080566,-111
24.8,-2.8,9227,-259.818979263306,-257
24.8,-4.8,9228,-257.123811721802,-192
24.8,-6.8,9229,-249.083936691284,-92
24.8,-8.8,9230,-232.472457885742,-169
24.8,-10.8,9231,-226.360353469849,-70
24.8,-18.8,9235,-235.059394836426,30
24.8,-20.8,9236,-230.079500198364,-48
24.8,-22.8,9237,-218.64128112793,-77
24.8,-24.8,9238,-206.789155960083,-123
24.8,-26.8,9239,-193.659301757812,-9
24.8,-28.8,9240,-194.892406463623,16
24.8,-30.8,9241,-161.8445520401,11
24.8,-32.8,9242,-185.02903175354,30
26.8,43.2,9294,-148.77470779419,-33
26.8,41.2,9295,-165.147583007812,-9
26.8,39.2,9296,-192.532526016235,19
26.8,31.2,9300,-206.442531585693,28
26.8,29.2,9301,-233.436906814575,34
26.8,27.2,9302,-235.234302520752,7
26.8,13.2,9309,-274.204437255859,-172
26.8,11.2,9310,-280.328813552856,-150
26.8,7.2,9312,-264.816144943237,-240
26.8,5.2,9313,-256.101072311401,-187
26.8,3.2,9314,-252.675447463989,-297
26.8,1.2,9315,-257.653469085693,-223
26.8,-0.8,9316,-250.194198608398,-98
26.8,-2.8,9317,-241.950229644775,-234
26.8,-4.8,9318,-261.513198852539,-141
26.8,-6.8,9319,-252.018342971802,27
26.8,-8.8,9320,-247.946718215942,77
26.8,-10.8,9321,-219.221250534058,10
26.8,-20.8,9326,-218.082218170166,-27
26.8,-22.8,9327,-205.443635940552,-81
26.8,-24.8,9328,-216.693510055542,21
26.8,-26.8,9329,-180.925479888916,-52
26.8,-28.8,9330,-172.125437736511,-7
26.8,-30.8,9331,-164.62871837616,1
26.8,-32.8,9332,-176.915073394775,3
28.8,45.2,9383,-154.140239715576,-5
28.8,41.2,9385,-164.33137512207,-23
28.8,39.2,9386,-134.177207946777,-7
28.8,37.2,9387,-171.590823173523,57
28.8,29.2,9391,-220.414125442505,8
28.8,13.2,9399,-273.059532165527,-146
28.8,11.2,9400,-278.922988891602,-191
28.8,7.2,9402,-274.814437866211,-208
28.8,5.2,9403,-255.94197845459,-122
28.8,3.2,9404,-255.268844604492,-75
28.8,1.2,9405,-249.181343078613,-23
28.8,-0.8,9406,-190.598176956177,-71
28.8,-2.8,9407,-187.352573394775,-148
28.8,-4.8,9408,-227.136333465576,-80
28.8,-6.8,9409,-229.553520202637,-68
28.8,-8.8,9410,-241.63906288147,-24
28.8,-10.8,9411,-223.730667114258,1
28.8,-12.8,9412,-213.007165908814,-4
28.8,-14.8,9413,-225.738344192505,45
28.8,-16.8,9414,-262.956104278565,10
28.8,-20.8,9416,-209.437313079834,-37
28.8,-22.8,9417,-220.816781997681,-51
28.8,-24.8,9418,-202.866333007812,-46
28.8,-26.8,9419,-170.480937957764,-41
28.8,-28.8,9420,-88.4811668395996,19
28.8,-30.8,9421,-162.720552444458,-9
30.8,39.2,9476,-131.467749595642,36
30.8,37.2,9477,-189.000406265259,30
30.8,31.2,9480,-215.071968078613,25
30.8,29.2,9481,-229.515520095825,1
30.8,15.2,9488,-280.579969406128,-95
30.8,13.2,9489,-282.240032196045,-154
30.8,11.2,9490,-267.467521667481,-184
30.8,7.2,9492,-275.656114578247,8
30.8,5.2,9493,-272.336624145508,-44
30.8,3.2,9494,-237.413084030151,-34
30.8,1.2,9495,-245.222562789917,20
30.8,-0.8,9496,-208.487354278565,-134
30.8,-2.8,9497,-209.10279083252,-3
30.8,-4.8,9498,-227.002666473389,5
30.8,-6.8,9499,-258.062927246094,-76
30.8,-8.8,9500,-226.618396759033,-143
30.8,-16.8,9504,-212.046291351318,88
30.8,-18.8,9505,-197.923583984375,44
30.8,-20.8,9506,-221.970426559448,1
30.8,-22.8,9507,-223.66077041626,-43
30.8,-24.8,9508,-175.478979110718,-61
30.8,-26.8,9509,-175.20629119873,-44
30.8,-28.8,9510,-188.533906936646,7
32.8,49.2,9561,-135.6366147995,-75
32.8,41.2,9565,-147.8553647995,48
32.8,39.2,9566,-138.537750244141,21
32.8,37.2,9567,-140.146843910217,120
32.8,27.2,9572,-232.502780914307,1
32.8,25.2,9573,-264.006624221802,0
32.8,15.2,9578,-293.936979293823,-131
32.8,13.2,9579,-288.136697769165,-162
32.8,11.2,9580,-275.916572570801,-190
32.8,7.2,9582,-285.080146789551,-185
32.8,5.2,9583,-281.296281814575,33
32.8,3.2,9584,-250.564823150635,-28
32.8,1.2,9585,-234.103260040283,67
32.8,-0.8,9586,-223.001155853271,76
32.8,-2.8,9587,-231.215375900269,-79
32.8,-4.8,9588,-242.720134735107,28
32.8,-6.8,9589,-244.916488647461,-19
32.8,-16.8,9594,-242.21611404419,75
32.8,-18.8,9595,-171.026406288147,-321
32.8,-20.8,9596,-237.175750732422,-52
32.8,-24.8,9598,-236.848499298096,-27
32.8,-26.8,9599,-221.903781890869,-60
34.8,47.2,9652,-143.788520812988,-26
34.8,45.2,9653,-150.896353721619,-23
34.8,37.2,9657,-149.217719078064,83
34.8,31.2,9660,-216.574760437012,53
34.8,25.2,9663,-268.935914993286,2
34.8,11.2,9670,-275.980041503906,-300
34.8,9.2,9671,-220.983959197998,-241
34.8,7.2,9672,-260.212842941284,-122
34.8,5.2,9673,-272.14165687561,250
34.8,3.2,9674,-264.227489471435,73
34.8,1.2,9675,-184.499530792236,11
34.8,-0.8,9676,-200.556552886963,-19
34.8,-2.8,9677,-209.607322692871,-58
34.8,-4.8,9678,-217.679697036743,12
34.8,-6.8,9679,-233.953979492188,37
34.8,-18.8,9685,-252.505832672119,57
34.8,-24.8,9688,-234.521169662476,-40
36.8,41.2,9745,-171.880864143372,-25
36.8,39.2,9746,-106.847572803497,13
36.8,37.2,9747,-180.69856262207,64
36.8,35.2,9748,-203.438884735107,70
36.8,33.2,9749,-198.07043838501,14
36.8,31.2,9750,-208.299959182739,22
36.8,29.2,9751,-216.817354202271,1
36.8,27.2,9752,-211.30595779419,-9
36.8,21.2,9755,-257.345167160034,-13
36.8,19.2,9756,-257.977041244507,-109
36.8,11.2,9760,-184.30982208252,-155
36.8,9.2,9761,-194.894832611084,40
36.8,7.2,9762,-210.893114089966,111
36.8,5.2,9763,-233.110229492188,119
36.8,3.2,9764,-276.547344207764,-12
36.8,1.2,9765,-191.462781906128,132
36.8,-0.8,9766,-147.069978713989,-45
36.8,-2.8,9767,-212.373167037964,62
36.8,-4.8,9768,-226.212562561035,107
36.8,-6.8,9769,-230.791072845459,68
36.8,-8.8,9770,-238.685905456543,232
36.8,-10.8,9771,-238.401844024658,113
36.8,-12.8,9772,-259.240968704224,126
36.8,-14.8,9773,-253.05703163147,170
38.8,37.2,9837,-201.734281539917,9
38.8,35.2,9838,-210.545782089233,3
38.8,33.2,9839,-207.223896026611,2
38.8,31.2,9840,-224.245239257812,-11
38.8,29.2,9841,-240.534469604492,-5
38.8,27.2,9842,-240.242708206177,-15
38.8,25.2,9843,-277.305406570435,-9
38.8,15.2,9848,-184.103000640869,-283
38.8,13.2,9849,-246.94847869873,-184
38.8,11.2,9850,-195.410625457764,-344
38.8,9.2,9851,-156.49773979187,-252
38.8,7.2,9852,-168.039593696594,-42
38.8,5.2,9853,-226.183822631836,88
38.8,3.2,9854,-259.451614379883,-152
38.8,1.2,9855,-268.879011154175,4
38.8,-0.8,9856,-251.898614883423,-122
38.8,-2.8,9857,-252.903656005859,-57
38.8,-4.8,9858,-235.001552581787,-210
38.8,-6.8,9859,-262.492301940918,64
38.8,-8.8,9860,-256.431438446045,-156
38.8,-10.8,9861,-257.582208633423,177
38.8,-12.8,9862,-256.565259933472,113
40.8,43.2,9924,-124.322072982788,417
40.8,37.2,9927,-203.942167282104,44
40.8,35.2,9928,-227.770072937012,19
40.8,33.2,9929,-218.394290924072,10
40.8,31.2,9930,-232.777666091919,-8
40.8,29.2,9931,-243.863061904907,-9
40.8,27.2,9932,-241.829313278198,-24
40.8,25.2,9933,-258.217750549316,-24
40.8,23.2,9934,-275.559000015259,-22
40.8,11.2,9940,-268.436437606812,-229
40.8,9.2,9941,-234.483406066895,-390
40.8,7.2,9942,-195.8977394104,-112
40.8,5.2,9943,-227.039405822754,-2
40.8,3.2,9944,-265.713634490967,-10
40.8,1.2,9945,-283.422500610352,-13
40.8,-0.8,9946,-274.543437957764,11
42.8,45.2,10013,-139.594177246094,22
42.8,41.2,10015,-76.0155832767487,63
42.8,39.2,10016,-118.013249874115,-48
42.8,37.2,10017,-200.530717849731,2
42.8,35.2,10018,-234.888584136963,49
42.8,33.2,10019,-243.735479354858,8
42.8,31.2,10020,-250.883541107178,-1
42.8,29.2,10021,-248.053396224976,-19
42.8,27.2,10022,-249.775760650635,-52
42.8,25.2,10023,-264.318239212036,-43
42.8,23.2,10024,-270.601165771484,-38
42.8,17.2,10027,-304.055271148682,-30
42.8,15.2,10028,-292.348884582519,-28
42.8,11.2,10030,-265.114635467529,-130
42.8,9.2,10031,-202.621280670166,-252
42.8,7.2,10032,-260.141176223755,95
42.8,5.2,10033,-270.894792556763,-19
42.8,3.2,10034,-287.301094055176,-48
42.8,1.2,10035,-274.552978515625,-81
44.8,41.2,10105,-148.74901008606,-5
44.8,39.2,10106,-160.480645179749,-11
44.8,37.2,10107,-99.8327813148499,22
44.8,35.2,10108,-234.194177627564,14
44.8,33.2,10109,-253.931198120117,-1
44.8,31.2,10110,-261.599292755127,-1
44.8,29.2,10111,-260.359312057495,-18
44.8,27.2,10112,-264.826343536377,-70
44.8,25.2,10113,-266.629947662354,-70
44.8,23.2,10114,-268.890687942505,-29
44.8,21.2,10115,-274.905834197998,0
44.8,19.2,10116,-265.824760437012,-22
44.8,17.2,10117,-244.105863571167,-35
44.8,15.2,10118,-177.823770523071,-65
44.8,13.2,10119,-270.140344619751,-107
44.8,9.2,10121,-239.285926818848,-57
44.8,7.2,10122,-250.350885391235,-11
44.8,5.2,10123,-282.683448791504,-12
44.8,3.2,10124,-274.493364334106,-107
44.8,-16.8,10134,-261.31965637207,120
44.8,-18.8,10135,-255.516458511353,24
44.8,-20.8,10136,-258.856479644775,33
44.8,-22.8,10137,-239.786937713623,29
44.8,-24.8,10138,-250.42960357666,3
46.8,49.2,10191,-128.082603931427,-21
46.8,47.2,10192,-136.641593933105,-7
46.8,45.2,10193,-144.937406539917,-22
46.8,43.2,10194,-152.794625282288,17
46.8,39.2,10196,-168.340635299683,62
46.8,37.2,10197,-126.509958267212,-54
46.8,35.2,10198,-131.205666542053,-20
46.8,33.2,10199,-190.077228546143,12
46.8,31.2,10200,-264.836250305176,0
46.8,29.2,10201,-267.525520324707,4
46.8,27.2,10202,-270.309833526611,-18
46.8,25.2,10203,-266.804738998413,-38
46.8,23.2,10204,-276.440927505493,-10
46.8,21.2,10205,-282.760009765625,11
46.8,19.2,10206,-273.431707382202,6
46.8,17.2,10207,-251.653553009033,5
46.8,15.2,10208,-234.034072875977,5
46.8,9.2,10211,-250.65728187561,2
46.8,7.2,10212,-263.284084320068,6
46.8,5.2,10213,-276.036687850952,24
46.8,-16.8,10224,-276.302749633789,93
46.8,-18.8,10225,-210.108625411987,226
46.8,-20.8,10226,-184.781301498413,222
46.8,-22.8,10227,-224.576093673706,191
46.8,-24.8,10228,-209.466384887695,95
48.8,49.2,10281,-122.432989597321,-7
48.8,47.2,10282,-134.613260269165,0
48.8,39.2,10286,-170.188374519348,3
48.8,37.2,10287,-137.780812263489,-63
48.8,35.2,10288,-149.123562812805,-65
48.8,33.2,10289,-169.477520942688,-64
48.8,31.2,10290,-273.568416595459,3
48.8,27.2,10292,-274.042833328247,5
48.8,25.2,10293,-277.314489364624,-3
48.8,23.2,10294,-287.732187271118,-2
48.8,21.2,10295,-290.097333908081,0
48.8,19.2,10296,-278.856052398682,4
48.8,17.2,10297,-246.757478713989,-3
48.8,15.2,10298,-214.148698806763,-16
48.8,-14.8,10313,-203.682083129883,375
48.8,-16.8,10314,-200.397510528565,359
48.8,-18.8,10315,-236.294979095459,615
50.8,53.2,10369,-107.087156295776,-67
50.8,49.2,10371,-121.370510578156,-23
50.8,47.2,10372,-133.981573104858,-6
50.8,35.2,10378,-179.986728668213,20
50.8,33.2,10379,-138.203603744507,-6
50.8,31.2,10380,-162.152832984924,-30
50.8,29.2,10381,-270.954633712769,50
50.8,23.2,10384,-292.170030593872,2
50.8,21.2,10385,-290.435573577881,4
50.8,19.2,10386,-280.367197036743,4
50.8,17.2,10387,-236.779323577881,-31
50.8,15.2,10388,-234.212261199951,-24
52.8,51.2,10460,-109.547791481018,-53
52.8,49.2,10461,-121.532374858856,-27
52.8,47.2,10462,-132.781311988831,-12
52.8,45.2,10463,-146.987041473389,-8
52.8,43.2,10464,-154.170478820801,0
52.8,35.2,10468,-203.292375564575,68
52.8,33.2,10469,-185.1366147995,20
52.8,31.2,10470,-164.22109413147,-28
52.8,23.2,10474,-288.177604675293,8
52.8,21.2,10475,-290.193593978882,27
52.8,19.2,10476,-279.526365280151,39
52.8,17.2,10477,-239.333864212036,20
54.8,49.2,10551,-113.468573093414,-28
54.8,47.2,10552,-127.477281570435,-14
54.8,45.2,10553,-146.5483751297,-1
54.8,43.2,10554,-156.071291923523,0
54.8,41.2,10555,-177.269260406494,6
54.8,39.2,10556,-200.221157073975,-5
54.8,37.2,10557,-203.381834030151,-37
54.8,35.2,10558,-206.544542312622,16
54.8,33.2,10559,-222.342166900635,16
54.8,31.2,10560,-182.784417152405,11
54.8,29.2,10561,-196.786260604858,26
54.8,23.2,10564,-288.501958847046,24
54.8,21.2,10565,-285.548978805542,52
54.8,19.2,10566,-274.373155593872,60
54.8,17.2,10567,-210.337938308716,130
56.8,49.2,10641,-104.344145774841,-35
56.8,47.2,10642,-121.328197956085,-23
56.8,45.2,10643,-139.655625343323,7
56.8,43.2,10644,-153.416301727295,-4
56.8,41.2,10645,-172.957344055176,-10
56.8,39.2,10646,-192.037000656128,-30
56.8,37.2,10647,-151.75409412384,49
56.8,35.2,10648,-201.089197158814,29
56.8,33.2,10649,-235.483333587646,45
56.8,29.2,10651,-154.557781219482,-72
56.8,27.2,10652,-291.892707824707,90
56.8,23.2,10654,-261.100740432739,51
56.8,21.2,10655,-275.514760971069,62
56.8,19.2,10656,-264.628261566162,62
58.8,49.2,10731,-89.3840103149414,-42
58.8,47.2,10732,-115.942759990692,-26
58.8,43.2,10734,-150.935729026794,-10
58.8,41.2,10735,-172.13595867157,-13
58.8,39.2,10736,-191.129958152771,-16
58.8,37.2,10737,-119.633208274841,109
58.8,35.2,10738,-173.503499984741,42
58.8,33.2,10739,-199.965280532837,49
58.8,31.2,10740,-237.600677490234,56
58.8,29.2,10741,-258.650281906128,86
58.8,27.2,10742,-274.096635818481,92
58.8,23.2,10744,-261.846572875977,112
58.8,21.2,10745,-265.868551254273,66
60.8,49.2,10821,-95.3243541717529,-36
60.8,47.2,10822,-111.294854164124,-25
60.8,43.2,10824,-146.721104621887,-13
60.8,41.2,10825,-166.618489265442,-7
60.8,39.2,10826,-181.147271156311,-11
60.8,37.2,10827,-182.262094497681,-3
60.8,35.2,10828,-185.05958366394,27
60.8,33.2,10829,-216.77080154419,29
60.8,31.2,10830,-222.38568687439,20
60.8,29.2,10831,-193.976812362671,-20
60.8,27.2,10832,-277.633832931519,42
62.8,49.2,10911,-104.751979351044,-41
62.8,47.2,10912,-116.936708450317,-31
62.8,45.2,10913,-135.518166542053,-17
62.8,43.2,10914,-150.881229400635,-10
62.8,41.2,10915,-164.323594093323,-13
62.8,39.2,10916,-181.229009628296,-10
62.8,37.2,10917,-184.983749389648,-7
62.8,35.2,10918,-176.966384887695,42
62.8,31.2,10920,-240.177083969116,5
62.8,29.2,10921,-220.35546875,-10
62.8,27.2,10922,-225.832822799683,-32
64.8,49.2,11001,-117.962041854858,-39
64.8,47.2,11002,-117.723333358765,-30
64.8,45.2,11003,-136.442667007446,-12
64.8,43.2,11004,-156.553385734558,-16
64.8,41.2,11005,-164.240198135376,-19
64.8,39.2,11006,-180.309749603272,-40
64.8,37.2,11007,-182.950677871704,-32
64.8,35.2,11008,-121.725197792053,28
64.8,31.2,11010,-217.867563247681,27
64.8,29.2,11011,-250.385000228882,23
64.8,27.2,11012,-219.194166183472,-1
66.8,53.2,11089,-77.6139166355133,-37
66.8,49.2,11091,-96.3907289505005,-32
66.8,47.2,11092,-96.5098853111267,-24
66.8,45.2,11093,-132.4991979599,-20
66.8,43.2,11094,-155.124771118164,-23
66.8,41.2,11095,-173.733052253723,-2
66.8,39.2,11096,-160.839344024658,131
66.8,37.2,11097,-199.939540863037,15
66.8,31.2,11100,-169.265447616577,34
66.8,29.2,11101,-169.843468666077,4
66.8,27.2,11102,-221.92841720581,104
66.8,25.2,11103,-264.502456665039,-60
68.8,53.2,11179,-67.1546875238419,-43
68.8,49.2,11181,-77.7549896240234,-48
68.8,47.2,11182,-100.257218837738,-21
68.8,45.2,11183,-126.894864082336,-14
68.8,43.2,11184,-147.057958602905,-25
68.8,41.2,11185,-178.535520553589,-30
68.8,39.2,11186,-42.2739896178246,-491
68.8,37.2,11187,-201.6256980896,-65
68.8,33.2,11189,-148.621614456177,-24
68.8,31.2,11190,-170.661770820618,-33
68.8,29.2,11191,-242.16254234314,-88
68.8,27.2,11192,-276.820489883423,-14
68.8,25.2,11193,-279.055614471435,-140
68.8,23.2,11194,-265.27795791626,-228
70.8,53.2,11269,-70.0231771469116,-56
70.8,49.2,11271,-77.5595519542694,-46
70.8,47.2,11272,-94.3393125534058,-7
70.8,45.2,11273,-126.331197738647,-27
70.8,43.2,11274,-142.385624885559,-20
70.8,39.2,11276,-79.1107602119446,-223
70.8,33.2,11279,-228.063947677612,-287
70.8,31.2,11280,-267.273603439331,-32
70.8,29.2,11281,-272.544759750366,8
70.8,27.2,11282,-272.00673866272,-27
70.8,25.2,11283,-273.038864135742,-126
70.8,23.2,11284,-274.020406723023,-281
70.8,21.2,11285,-250.14330291748,-494
72.8,53.2,11359,-77.4691979885101,-52
72.8,49.2,11361,-75.47776055336,-52
72.8,47.2,11362,-83.2342398166656,-15
72.8,45.2,11363,-116.653072834015,-27
72.8,43.2,11364,-135.875895500183,-29
72.8,35.2,11368,-62.0235937833786,-146
72.8,33.2,11369,-242.531364440918,-315
72.8,31.2,11370,-260.973363876343,-131
72.8,29.2,11371,-274.700229644775,-58
72.8,27.2,11372,-270.770458221435,-26
72.8,25.2,11373,-270.138813018799,-208
72.8,23.2,11374,-272.122478485107,-345
72.8,21.2,11375,-268.857229232788,-583
74.8,53.2,11449,-71.5872814655304,-33
74.8,51.2,11450,-69.1176042556763,-46
74.8,49.2,11451,-58.1779270172119,-48
74.8,47.2,11452,-91.966374874115,-30
74.8,45.2,11453,-120.003927230835,-13
74.8,43.2,11454,-126.792479515076,-26
74.8,35.2,11458,-59.7586041688919,-25
74.8,33.2,11459,-193.68918800354,-291
74.8,31.2,11460,-248.590812683105,-255
74.8,29.2,11461,-264.498771667481,-143
74.8,27.2,11462,-259.881406784058,-185
74.8,25.2,11463,-259.1647605896,-235
74.8,23.2,11464,-260.602500915527,-326
74.8,21.2,11465,-267.290187835693,-205
74.8,19.2,11466,-252.576238632202,-259
74.8,17.2,11467,-243.247354507446,-13
74.8,15.2,11468,-252.49506187439,31
74.8,13.2,11469,-266.840911865234,246
76.8,53.2,11539,-70.5487396717072,-35
76.8,51.2,11540,-76.0356559753418,-23
76.8,49.2,11541,-57.4251458644867,-33
76.8,47.2,11542,-88.1311039924622,-51
76.8,45.2,11543,-117.089250087738,-45
76.8,43.2,11544,-112.852478981018,-99
76.8,39.2,11546,-153.502697944641,-13
76.8,37.2,11547,-97.0995626449585,-18
76.8,31.2,11550,-224.763833999634,-639
76.8,29.2,11551,-253.781198501587,-348
76.8,27.2,11552,-260.673957824707,-417
76.8,25.2,11553,-258.537698745727,-152
76.8,23.2,11554,-256.199197769165,-180
76.8,21.2,11555,-256.12578201294,-212
76.8,19.2,11556,-265.120542526245,-248
76.8,17.2,11557,-268.845811843872,-210
76.8,15.2,11558,-269.304344177246,-103
76.8,13.2,11559,-242.821187973022,-95
76.8,11.2,11560,-217.858478546143,31
76.8,9.2,11561,-265.650802612305,-329
78.8,51.2,11630,-78.4871768951416,-1
78.8,49.2,11631,-71.2615835666656,-17
78.8,47.2,11632,-88.6716876029968,-64
78.8,45.2,11633,-104.566666603088,-61
78.8,43.2,11634,-92.0058436393738,94
78.8,41.2,11635,-56.1658540964127,-82
78.8,39.2,11636,-154.263021469116,-13
78.8,37.2,11637,-145.804759979248,-24
78.8,29.2,11641,-244.608354568481,-437
78.8,27.2,11642,-259.52265548706,-517
78.8,25.2,11643,-259.961563110352,-178
78.8,23.2,11644,-257.106052398682,-83
78.8,21.2,11645,-262.615125656128,-123
78.8,19.2,11646,-268.867687225342,-284
78.8,17.2,11647,-261.093906402588,-233
78.8,15.2,11648,-259.507572174072,-277
78.8,13.2,11649,-245.770812988281,-295
78.8,11.2,11650,-265.549072265625,-331
78.8,9.2,11651,-279.77668762207,-334
80.8,49.2,11721,-65.8280210494995,-50
80.8,47.2,11722,-79.7418646812439,-117
80.8,41.2,11725,-133.351010322571,-8
80.8,39.2,11726,-151.746156692505,-1
80.8,37.2,11727,-157.144302368164,-1
80.8,29.2,11731,-189.325332641602,-253
80.8,27.2,11732,-253.797302246094,-361
80.8,25.2,11733,-264.773302078247,-158
80.8,23.2,11734,-237.82964515686,11
80.8,21.2,11735,-260.255386352539,69
80.8,19.2,11736,-264.883239746094,-295
80.8,17.2,11737,-269.347145080566,-450
80.8,9.2,11741,-271.206708908081,-565
80.8,7.2,11742,-235.018531799316,-946
82.8,45.2,11813,-94.8824687004089,-19
82.8,43.2,11814,-88.7724895477295,-4
82.8,41.2,11815,-152.313479423523,54
82.8,39.2,11816,-148.821510314941,9
82.8,37.2,11817,-145.99039554596,-9
82.8,27.2,11822,-248.367834091186,-166
82.8,25.2,11823,-262.85933303833,-95
82.8,23.2,11824,-246.388156890869,139
82.8,21.2,11825,-271.231395721435,-3
82.8,19.2,11826,-246.442604064941,-182
84.8,47.2,11902,-65.2026875019073,-1
84.8,45.2,11903,-130.035291671753,-13
84.8,41.2,11905,-147.705177307129,14
84.8,39.2,11906,-143.203374862671,12
84.8,37.2,11907,-89.0429792404175,-16
84.8,27.2,11912,-244.78623008728,111
84.8,25.2,11913,-266.092573165894,-141
84.8,23.2,11914,-242.011207580566,189
84.8,21.2,11915,-265.38272857666,95
84.8,19.2,11916,-261.233991622925,-31
86.8,47.2,11992,-91.7982501983643,25
86.8,45.2,11993,-121.874396324158,-11
86.8,41.2,11995,-151.125666618347,-9
86.8,39.2,11996,-145.044666290283,6
86.8,27.2,12002,-191.863843917847,-44
86.8,25.2,12003,-262.200145721435,-264
86.8,23.2,12004,-267.707853317261,148
86.8,21.2,12005,-265.267402648926,110
88.8,47.2,12082,-81.7661356925964,-40
88.8,45.2,12083,-95.7227916717529,-55
88.8,43.2,12084,-93.7591042518616,-47
88.8,41.2,12085,-126.757478713989,-8
88.8,39.2,12086,-149.733864784241,1
88.8,27.2,12092,-137.454333305359,28
88.8,25.2,12093,-254.832759857178,-150
88.8,23.2,12094,-265.837385177612,285
90.8,49.2,12171,-40.8587292432785,-26
90.8,43.2,12174,-113.416895866394,-21
90.8,41.2,12175,-135.417385101318,-7
90.8,39.2,12176,-84.9956040382385,-6
90.8,25.2,12183,-241.345146179199,15
90.8,23.2,12184,-262.352708816528,166
92.8,47.2,12262,-67.237760424614,3
92.8,45.2,12263,-79.4052188396454,-15
92.8,43.2,12264,-104.946156024933,-37
92.8,41.2,12265,-123.694531440735,-3
92.8,39.2,12266,-59.6775937080383,-1
92.8,37.2,12267,-75.6849374771118,-23
92.8,27.2,12272,-204.152250289917,-259
92.8,25.2,12273,-196.476739883423,-270
92.8,23.2,12274,-229.378177642822,-320
92.8,21.2,12275,-245.866010665894,506
94.8,47.2,12352,-50.5241563022137,-9
94.8,45.2,12353,-89.4806981086731,-13
94.8,43.2,12354,-79.9382500648499,-21
94.8,41.2,12355,-102.241343975067,-11
94.8,37.2,12357,-88.0417184829712,-14
94.8,29.2,12361,-90.0079686641693,-10
94.8,27.2,12362,-237.453531265259,-275
94.8,25.2,12363,-181.52743,106
94.8,23.2,12364,-238.62647,-208
94.8,21.2,12365,-261.07466,-184
94.8,19.2,12366,-264.85671,-16
94.8,17.2,12367,-259.90886,609
96.8,43.2,12444,-79.911427,-17
96.8,41.2,12445,-76.790396,-17
96.8,37.2,12447,-81.874687,-79
96.8,27.2,12452,-188.44343,-282
96.8,25.2,12453,-239.63957,-415
96.8,23.2,12454,-231.91028,-299
96.8,21.2,12455,-200.58481,-759
96.8,19.2,12456,-236.20471,-211
96.8,17.2,12457,-267.8702,-401
96.8,5.2,12463,-267.12122,-471
98.8,43.2,12534,-95.009115,-12
98.8,41.2,12535,-112.652156,-1
98.8,31.2,12540,-101.149083,-168
98.8,29.2,12541,-93.636302,-139
98.8,27.2,12542,-113.379282,-185
98.8,25.2,12543,-152.66756,-282
98.8,23.2,12544,-207.99787,-340
98.8,21.2,12545,-233.41164,-301
98.8,19.2,12546,-231.18398,-261
98.8,17.2,12547,-259.04795,-496
98.8,15.2,12548,-213.93422,-265
98.8,13.2,12549,-250.11657,-218
98.8,9.2,12551,-243.88492,-785
98.8,3.2,12554,-247.32943,-726
100.8,45.2,12623,-71.560333,-17
100.8,43.2,12624,-67.496667,-24
100.8,41.2,12625,-127.003479,0
100.8,39.2,12626,-98.552562,45
100.8,31.2,12630,-92.715583,-209
100.8,29.2,12631,-77.439708,-176
100.8,27.2,12632,-136.65047,-216
100.8,25.2,12633,-180.10777,-275
100.8,23.2,12634,-191.55679,-301
100.8,21.2,12635,-228.69376,-209
100.8,19.2,12636,-248.32278,-459
100.8,17.2,12637,-242.41124,-199
100.8,15.2,12638,-266.16926,-617
100.8,5.2,12643,-262.08135,-1010
100.8,1.2,12645,-262.66656,-752
100.8,-0.8,12646,-243.45913,-112
102.8,45.2,12713,-74.445896,-21
102.8,43.2,12714,-92.4075,-16
102.8,41.2,12715,-122.681812,-4
102.8,39.2,12716,-114.581614,4
102.8,35.2,12718,-67.438927,-46
102.8,33.2,12719,-64.816437,-92
102.8,29.2,12721,-160.79059,-58
102.8,27.2,12722,-130.19727,-152
102.8,25.2,12723,-157.22409,-245
102.8,23.2,12724,-225.79066,-139
102.8,21.2,12725,-223.26922,-262
102.8,19.2,12726,-211.37785,-482
102.8,17.2,12727,-261.82277,-527
102.8,15.2,12728,-265.8617,-279
102.8,13.2,12729,-262.53756,-220
102.8,5.2,12733,-246.23579,-921
102.8,3.2,12734,-254.12321,-617
102.8,-0.8,12736,-264.32202,-536
102.8,-2.8,12737,-262.8888,-153
104.8,45.2,12803,-62.727823,-15
104.8,43.2,12804,-90.585781,-21
104.8,41.2,12805,-121.954458,-8
104.8,39.2,12806,-120.277219,-7
104.8,37.2,12807,-115.023354,-21
104.8,35.2,12808,-109.708906,-4
104.8,33.2,12809,-110.411677,-87
104.8,31.2,12810,-185.68427,-155
104.8,29.2,12811,-199.33385,-98
104.8,27.2,12812,-144.80666,-82
104.8,25.2,12813,-178.88794,-201
104.8,23.2,12814,-188.55503,-89
104.8,21.2,12815,-214.8362,-308
104.8,19.2,12816,-237.16695,-140
104.8,17.2,12817,-255.95596,-605
104.8,15.2,12818,-268.08816,-290
104.8,13.2,12819,-266.07788,-357
104.8,11.2,12820,-263.02586,-421
104.8,-2.8,12827,-270.02858,-289
104.8,-4.8,12828,-262.5012,-64
106.8,45.2,12893,-68.584583,-26
106.8,43.2,12894,-87.73224,-15
106.8,41.2,12895,-72.772219,-29
106.8,39.2,12896,-123.081927,-29
106.8,37.2,12897,-111.712364,-29
106.8,35.2,12898,-123.54599,-95
106.8,33.2,12899,-143.98652,-204
106.8,31.2,12900,-189.19307,-283
106.8,29.2,12901,-193.32116,-167
106.8,27.2,12902,-175.49834,-248
106.8,25.2,12903,-208.9409,-124
106.8,23.2,12904,-212.32971,-40
106.8,21.2,12905,-233.63156,-284
106.8,17.2,12907,-254.63204,-234
106.8,15.2,12908,-254.89058,-332
106.8,13.2,12909,-260.56153,-253
106.8,11.2,12910,-256.50385,-485
106.8,-6.8,12919,-223.83061,368
108.8,45.2,12983,-69.744271,-19
108.8,43.2,12984,-90.146989,-10
108.8,41.2,12985,-101.422198,-24
108.8,39.2,12986,-107.017219,-48
108.8,37.2,12987,-105.477979,-56
108.8,35.2,12988,-121.585208,-157
108.8,33.2,12989,-130.86135,-280
108.8,31.2,12990,-178.13274,-261
108.8,29.2,12991,-161.50215,-289
108.8,27.2,12992,-178.94691,-168
108.8,25.2,12993,-185.2868,-82
108.8,23.2,12994,-226.85554,23
108.8,19.2,12996,-250.98489,111
108.8,15.2,12998,-258.80114,-151
108.8,13.2,12999,-247.83649,-154
108.8,11.2,13000,-259.36782,-106
110.8,45.2,13073,-79.518969,-20
110.8,43.2,13074,-88.385031,-16
110.8,41.2,13075,-62.321584,-78
110.8,39.2,13076,-102.898281,-128
110.8,33.2,13079,-146.70295,-183
110.8,31.2,13080,-161.91311,-88
110.8,29.2,13081,-181.68666,-274
110.8,27.2,13082,-180.66889,-158
110.8,25.2,13083,-176.86064,65
110.8,23.2,13084,-228.31939,95
110.8,1.2,13095,-267.32069,-481
110.8,-0.8,13096,-261.38995,-379
110.8,-2.8,13097,-263.88764,-173
110.8,-6.8,13099,-264.21747,46
112.8,43.2,13164,-78.824427,-17
112.8,41.2,13165,-57.871917,-95
112.8,35.2,13168,-137.09107,-206
112.8,33.2,13169,-164.92584,-132
112.8,31.2,13170,-179.96429,-113
112.8,29.2,13171,-189.80993,-208
112.8,27.2,13172,-189.75701,-316
112.8,25.2,13173,-201.48726,20
112.8,23.2,13174,-232.94525,159
112.8,1.2,13185,-250.7168,-90
112.8,-0.8,13186,-241.01891,-171
112.8,-2.8,13187,-264.92456,-405
114.8,39.2,13256,-101.169938,-146
114.8,37.2,13257,-155.61676,-144
114.8,33.2,13259,-169.91836,-91
114.8,31.2,13260,-181.90916,-197
114.8,29.2,13261,-189.23151,-155
114.8,27.2,13262,-203.07018,-66
114.8,25.2,13263,-210.71329,48
114.8,23.2,13264,-221.18427,81
114.8,3.2,13274,-247.92408,-2066
114.8,1.2,13275,-207.6944,-347
114.8,-0.8,13276,-257.66529,-783
114.8,-2.8,13277,-264.54419,-286
114.8,-22.8,13287,-255.32492,-10
114.8,-24.8,13288,-240.01943,34
114.8,-26.8,13289,-221.66003,69
114.8,-28.8,13290,-199.58757,84
116.8,41.2,13345,-89.427646,-144
116.8,39.2,13346,-148.53966,-147
116.8,37.2,13347,-162.86956,-108
116.8,35.2,13348,-164.03168,-181
116.8,33.2,13349,-176.75035,-163
116.8,31.2,13350,-177.31934,-192
116.8,29.2,13351,-196.36934,-240
116.8,27.2,13352,-201.89772,-81
116.8,25.2,13353,-195.84039,-29
116.8,23.2,13354,-226.51729,293
116.8,5.2,13363,-257.3073,-442
116.8,3.2,13364,-255.70096,-801
116.8,1.2,13365,-259.58485,-182
116.8,-0.8,13366,-256.74559,-260
116.8,-20.8,13376,-264.05687,1
116.8,-22.8,13377,-262.66566,12
116.8,-24.8,13378,-247.05938,29
116.8,-26.8,13379,-231.57109,34
116.8,-28.8,13380,-212.67051,44
116.8,-30.8,13381,-192.32449,52
116.8,-32.8,13382,-165.39658,93
116.8,-34.8,13383,-154.30718,196
118.8,41.2,13435,-97.85351,-206
118.8,39.2,13436,-136.78777,-204
118.8,37.2,13437,-151.54123,-183
118.8,35.2,13438,-150.17598,-241
118.8,33.2,13439,-171.34358,-170
118.8,31.2,13440,-181.90736,-167
118.8,29.2,13441,-167.68355,-219
118.8,27.2,13442,-197.85009,-73
118.8,25.2,13443,-215.68602,62
118.8,5.2,13453,-258.73313,-621
118.8,-20.8,13466,-266.88819,-29
118.8,-22.8,13467,-248.17355,43
118.8,-24.8,13468,-235.99011,61
118.8,-26.8,13469,-225.06929,18
118.8,-28.8,13470,-209.96305,40
118.8,-30.8,13471,-189.01287,-2
118.8,-32.8,13472,-173.30033,46
120.8,37.2,13527,-136.4708,-228
120.8,31.2,13530,-178.01255,-195
120.8,29.2,13531,-173.38285,-197
120.8,23.2,13534,-187.56653,-34
120.8,17.2,13537,-236.69289,124
120.8,15.2,13538,-267.76302,-334
120.8,13.2,13539,-253.54074,132
120.8,-8.8,13550,-228.72471,-146
120.8,-20.8,13556,-267.69682,-18
120.8,-22.8,13557,-250.16837,-7
120.8,-24.8,13558,-235.21896,-11
120.8,-26.8,13559,-221.24577,39
120.8,-28.8,13560,-209.32311,13
120.8,-30.8,13561,-187.99308,18
120.8,-32.8,13562,-170.59488,-67
122.8,11.2,13630,-266.98344,-245
122.8,-18.8,13645,-264.97804,2
122.8,-20.8,13646,-267.93634,13
122.8,-22.8,13647,-258.37762,20
122.8,-24.8,13648,-239.42654,18
122.8,-26.8,13649,-222.14094,-7
122.8,-28.8,13650,-202.2476,-10
122.8,-30.8,13651,-188.50101,18
122.8,-32.8,13652,-171.48576,6
124.8,11.2,13720,-261.53127,46
124.8,7.2,13722,-262.41074,-240
124.8,1.2,13725,-232.54457,-42
124.8,-16.8,13734,-269.18917,127
124.8,-18.8,13735,-274.72688,-57
124.8,-20.8,13736,-264.44406,11
124.8,-22.8,13737,-258.09681,46
124.8,-24.8,13738,-239.04613,32
124.8,-26.8,13739,-219.28232,11
124.8,-28.8,13740,-200.96524,-5
124.8,-30.8,13741,-186.86069,-12
124.8,-32.8,13742,-170.97939,-33
126.8,-14.8,13823,-271.7362,-135
126.8,-16.8,13824,-262.96966,-194
126.8,-18.8,13825,-272.34015,69
126.8,-20.8,13826,-266.48654,73
126.8,-22.8,13827,-255.47871,58
126.8,-24.8,13828,-236.41953,33
126.8,-26.8,13829,-215.63742,22
126.8,-28.8,13830,-199.12719,-6
126.8,-30.8,13831,-179.35511,-55
128.8,-16.8,13914,-282.0112,31
128.8,-18.8,13915,-266.60203,15
128.8,-20.8,13916,-261.02008,81
128.8,-22.8,13917,-249.56311,63
128.8,-24.8,13918,-228.10434,104
128.8,-26.8,13919,-214.44783,12
128.8,-28.8,13920,-196.36786,-23
128.8,-30.8,13921,-179.61437,-41
130.8,33.2,13979,-158.39194,-178
130.8,-12.8,14002,-271.74441,183
130.8,-14.8,14003,-271.1683,-28
130.8,-16.8,14004,-271.68096,44
130.8,-18.8,14005,-263.14119,52
130.8,-20.8,14006,-249.66409,-13
130.8,-22.8,14007,-233.77664,-9
130.8,-24.8,14008,-223.11312,-23
130.8,-26.8,14009,-205.53872,-43
130.8,-28.8,14010,-198.17003,-26
130.8,-30.8,14011,-182.63807,-56
132.8,35.2,14068,-153.3428,-286
132.8,33.2,14069,-168.20018,-91
132.8,-0.8,14086,-204.98729,-356
132.8,-12.8,14092,-278.15596,49
132.8,-14.8,14093,-272.09318,-67
132.8,-16.8,14094,-266.64601,-12
132.8,-18.8,14095,-266.523,-20
132.8,-20.8,14096,-249.19762,-71
132.8,-22.8,14097,-226.102,8
132.8,-24.8,14098,-214.49204,-14
132.8,-26.8,14099,-204.70746,-27
132.8,-28.8,14100,-204.60985,-5
132.8,-30.8,14101,-186.88487,4
134.8,35.2,14158,-144.0812,-168
134.8,-12.8,14182,-268.87461,-9
134.8,-14.8,14183,-277.20999,-90
134.8,-16.8,14184,-265.88102,-3
134.8,-18.8,14185,-266.99719,-3
134.8,-20.8,14186,-243.02233,-16
134.8,-22.8,14187,-223.06716,-31
134.8,-24.8,14188,-223.94609,12
134.8,-26.8,14189,-220.00515,45
134.8,-28.8,14190,-213.05749,-15
134.8,-30.8,14191,-195.74765,-13
134.8,-32.8,14192,-172.4296,-3
136.8,-2.8,14267,-245.62263,-694
136.8,-4.8,14268,-255.73257,-784
136.8,-16.8,14274,-266.30307,138
136.8,-18.8,14275,-258.20972,39
136.8,-20.8,14276,-250.20152,-15
136.8,-22.8,14277,-235.49183,-45
136.8,-24.8,14278,-232.05632,-48
136.8,-26.8,14279,-228.4159,-26
136.8,-28.8,14280,-219.25093,-42
136.8,-30.8,14281,-201.00549,1
136.8,-32.8,14282,-176.5862,-20
138.8,35.2,14338,-135.2064,-325
138.8,-2.8,14357,-248.35907,-540
138.8,-4.8,14358,-262.38303,-878
138.8,-6.8,14359,-260.93441,-898
138.8,-18.8,14365,-262.4409,17
138.8,-20.8,14366,-253.06004,33
138.8,-22.8,14367,-245.567,16
138.8,-24.8,14368,-238.24494,-70
138.8,-26.8,14369,-230.1091,-20
138.8,-28.8,14370,-218.43805,-25
138.8,-30.8,14371,-174.48903,-23
138.8,-32.8,14372,-160.88069,-2
138.8,-34.8,14373,-157.4863,91
140.8,-2.8,14447,-257.03103,-344
140.8,-4.8,14448,-172.57075,-1593
140.8,-6.8,14449,-260.08389,-800
140.8,-8.8,14450,-258.98121,-3
140.8,-18.8,14455,-268.64597,-14
140.8,-20.8,14456,-259.36005,-7
140.8,-22.8,14457,-248.3247,-12
140.8,-24.8,14458,-239.87497,7
140.8,-26.8,14459,-228.91826,37
140.8,-28.8,14460,-218.24254,-13
140.8,-30.8,14461,-201.8456,-23
140.8,-32.8,14462,-181.71882,14
140.8,-34.8,14463,-171.28541,-7
140.8,-36.8,14464,-151.27558,15
142.8,-4.8,14538,-252.71223,-390
142.8,-6.8,14539,-247.97844,-956
142.8,-8.8,14540,-260.59256,-137
142.8,-12.8,14542,-257.03462,-290
142.8,-14.8,14543,-258.7108,18
142.8,-16.8,14544,-267.88137,-25
142.8,-18.8,14545,-259.09149,2
142.8,-20.8,14546,-253.74752,-5
142.8,-22.8,14547,-242.79661,-24
142.8,-24.8,14548,-235.34391,29
142.8,-26.8,14549,-227.26207,11
142.8,-28.8,14550,-219.61254,-33
142.8,-30.8,14551,-199.36309,-43
142.8,-32.8,14552,-188.26892,-20
142.8,-34.8,14553,-173.19932,-23
142.8,-36.8,14554,-152.54531,41
144.8,-4.8,14628,-262.19786,-244
144.8,-6.8,14629,-230.27029,-1612
144.8,-14.8,14633,-250.24887,304
144.8,-16.8,14634,-240.43014,-375
144.8,-18.8,14635,-234.09875,-45
144.8,-20.8,14636,-239.67445,-14
144.8,-22.8,14637,-241.35419,-62
144.8,-24.8,14638,-224.15862,-42
144.8,-26.8,14639,-219.18673,-27
144.8,-28.8,14640,-210.76603,-63
144.8,-30.8,14641,-205.01428,-71
144.8,-32.8,14642,-188.37548,-29
144.8,-34.8,14643,-176.90972,-29
144.8,-36.8,14644,-154.3945,-17
144.8,-40.8,14646,-134.1865,-18
146.8,-6.8,14719,-236.2409,182
146.8,-8.8,14720,-257.698,130
146.8,-20.8,14726,-238.60375,-17
146.8,-22.8,14727,-229.30648,-52
146.8,-24.8,14728,-205.38517,-71
146.8,-26.8,14729,-206.59207,-70
146.8,-28.8,14730,-211.05568,-88
146.8,-30.8,14731,-199.73579,-103
146.8,-32.8,14732,-185.23109,-66
146.8,-34.8,14733,-174.54197,-60
146.8,-36.8,14734,-117.32676,44
146.8,-42.8,14737,-99.027291,158
148.8,-20.8,14816,-233.90394,-193
148.8,-22.8,14817,-225.10341,1
148.8,-24.8,14818,-216.00343,-45
148.8,-26.8,14819,-204.74214,-81
148.8,-28.8,14820,-207.62108,-43
148.8,-30.8,14821,-191.3463,-90
148.8,-32.8,14822,-166.06393,-78
148.8,-34.8,14823,-144.22876,-33
148.8,-36.8,14824,-126.92455,-101
150.8,-2.8,14897,-262.50275,30
150.8,-22.8,14907,-225.08101,-6
150.8,-24.8,14908,-201.08722,-95
150.8,-26.8,14909,-199.25985,-61
150.8,-28.8,14910,-193.14135,-76
150.8,-30.8,14911,-173.87839,-84
150.8,-32.8,14912,-166.14565,-54
150.8,-34.8,14913,-170.89955,-445
152.8,-26.8,14999,-190.47881,-245
152.8,-28.8,15000,-186.00577,-125
152.8,-30.8,15001,-185.8936,-204
160.8,-8.8,15350,-247.42706,-9
164.8,-20.8,15536,-216.48242,21
174.8,-36.8,15994,-162.9328,-54
174.8,-38.8,15995,-143.26465,-139
176.8,-38.8,16085,-117.614282,-324
178.8,-16.8,16164,-238.22948,-76
